field_name,semantic_path,page,input_type,pdf_field_type,alignment,multiline,read_only,font_size,max_length,rect_pdf_llx,rect_pdf_lly,rect_pdf_urx,rect_pdf_ury,tooltip,calculation
p1_event_id,header.event_id,1,text,text,left,False,False,9,60,72.72,508.68,182.52,525.96,Event ID,
p1_applicant_name,header.applicant_name,1,text,text,left,False,False,9,100,232.92,508.68,362.52,525.96,Applicant Name,
p1_department,header.department,1,text,text,left,False,False,9,100,430.56,509.04,564.48,525.96,Department,
p1_report_date,header.date,1,date,text,center,False,False,9,20,618.12,508.68,686.16,526.32,Date,
p1_employee_01_id,employees[0].employee_id,1,text,text,left,False,False,8,50,47.16,423.72,254.16,446.4,Employee 1 ID,
p1_employee_01_name,employees[0].employee_name,1,text,text,left,False,False,8,150,256.32,423.72,744.84,446.4,Employee 1 Name,
p1_employee_02_id,employees[1].employee_id,1,text,text,left,False,False,8,50,47.16,398.88,254.16,421.56,Employee 2 ID,
p1_employee_02_name,employees[1].employee_name,1,text,text,left,False,False,8,150,256.32,398.88,744.84,421.56,Employee 2 Name,
p1_employee_03_id,employees[2].employee_id,1,text,text,left,False,False,8,50,47.16,373.68,254.16,396.72,Employee 3 ID,
p1_employee_03_name,employees[2].employee_name,1,text,text,left,False,False,8,150,256.32,373.68,744.84,396.72,Employee 3 Name,
p1_employee_04_id,employees[3].employee_id,1,text,text,left,False,False,8,50,47.16,348.84,254.16,371.52,Employee 4 ID,
p1_employee_04_name,employees[3].employee_name,1,text,text,left,False,False,8,150,256.32,348.84,744.84,371.52,Employee 4 Name,
p1_employee_05_id,employees[4].employee_id,1,text,text,left,False,False,8,50,47.16,324.0,254.16,346.68,Employee 5 ID,
p1_employee_05_name,employees[4].employee_name,1,text,text,left,False,False,8,150,256.32,324.0,744.84,346.68,Employee 5 Name,
p1_employee_06_id,employees[5].employee_id,1,text,text,left,False,False,8,50,47.16,299.16,254.16,321.84,Employee 6 ID,
p1_employee_06_name,employees[5].employee_name,1,text,text,left,False,False,8,150,256.32,299.16,744.84,321.84,Employee 6 Name,
p1_employee_07_id,employees[6].employee_id,1,text,text,left,False,False,8,50,47.16,274.32,254.16,297.0,Employee 7 ID,
p1_employee_07_name,employees[6].employee_name,1,text,text,left,False,False,8,150,256.32,274.32,744.84,297.0,Employee 7 Name,
p1_employee_08_id,employees[7].employee_id,1,text,text,left,False,False,8,50,47.16,249.12,254.16,272.16,Employee 8 ID,
p1_employee_08_name,employees[7].employee_name,1,text,text,left,False,False,8,150,256.32,249.12,744.84,272.16,Employee 8 Name,
p1_employee_09_id,employees[8].employee_id,1,text,text,left,False,False,8,50,47.16,224.28,254.16,246.96,Employee 9 ID,
p1_employee_09_name,employees[8].employee_name,1,text,text,left,False,False,8,150,256.32,224.28,744.84,246.96,Employee 9 Name,
p1_employee_10_id,employees[9].employee_id,1,text,text,left,False,False,8,50,47.16,199.44,254.16,222.12,Employee 10 ID,
p1_employee_10_name,employees[9].employee_name,1,text,text,left,False,False,8,150,256.32,199.44,744.84,222.12,Employee 10 Name,
p1_employee_11_id,employees[10].employee_id,1,text,text,left,False,False,8,50,47.16,174.6,254.16,197.28,Employee 11 ID,
p1_employee_11_name,employees[10].employee_name,1,text,text,left,False,False,8,150,256.32,174.6,744.84,197.28,Employee 11 Name,
p1_employee_12_id,employees[11].employee_id,1,text,text,left,False,False,8,50,47.16,149.76,254.16,172.44,Employee 12 ID,
p1_employee_12_name,employees[11].employee_name,1,text,text,left,False,False,8,150,256.32,149.76,744.84,172.44,Employee 12 Name,
p1_employee_13_id,employees[12].employee_id,1,text,text,left,False,False,8,50,47.16,124.56,254.16,147.6,Employee 13 ID,
p1_employee_13_name,employees[12].employee_name,1,text,text,left,False,False,8,150,256.32,124.56,744.84,147.6,Employee 13 Name,
p1_employee_14_id,employees[13].employee_id,1,text,text,left,False,False,8,50,47.16,99.72,254.16,122.4,Employee 14 ID,
p1_employee_14_name,employees[13].employee_name,1,text,text,left,False,False,8,150,256.32,99.72,744.84,122.4,Employee 14 Name,
p2_labor_01_category,labor[0].category,2,text,text,center,False,False,7,30,50.76,419.76,105.12,442.44,Labor row 1: Category,
p2_labor_01_description,labor[0].description_of_work,2,text,text,left,True,False,6.5,500,107.28,419.76,381.24,442.44,Labor row 1: Description of Work Performed,
p2_labor_01_location,labor[0].work_location_gps,2,text,text,left,True,False,6.5,300,383.4,419.76,577.08,442.44,Labor row 1: Work Location / GPS Coordinates,
p2_labor_01_start_time,labor[0].start_time,2,text,text,center,False,False,7.5,8,579.24,419.76,625.68,442.44,Labor row 1: Start Time,
p2_labor_01_end_time,labor[0].end_time,2,text,text,center,False,False,7.5,8,627.84,419.76,674.28,442.44,Labor row 1: End Time,
p2_labor_01_labor_hours,labor[0].labor_hours,2,text,text,center,False,False,7.5,12,676.44,419.76,722.88,442.44,Labor row 1: Labor Hours,
p2_labor_01_event_related,labor[0].event_related,2,boolean_mark,text,center,False,False,10,1,725.04,419.76,757.44,442.44,Labor row 1: Event Related (enter X for yes),
p2_labor_02_category,labor[1].category,2,text,text,center,False,False,7,30,50.76,394.56,105.12,417.6,Labor row 2: Category,
p2_labor_02_description,labor[1].description_of_work,2,text,text,left,True,False,6.5,500,107.28,394.56,381.24,417.6,Labor row 2: Description of Work Performed,
p2_labor_02_location,labor[1].work_location_gps,2,text,text,left,True,False,6.5,300,383.4,394.56,577.08,417.6,Labor row 2: Work Location / GPS Coordinates,
p2_labor_02_start_time,labor[1].start_time,2,text,text,center,False,False,7.5,8,579.24,394.56,625.68,417.6,Labor row 2: Start Time,
p2_labor_02_end_time,labor[1].end_time,2,text,text,center,False,False,7.5,8,627.84,394.56,674.28,417.6,Labor row 2: End Time,
p2_labor_02_labor_hours,labor[1].labor_hours,2,text,text,center,False,False,7.5,12,676.44,394.56,722.88,417.6,Labor row 2: Labor Hours,
p2_labor_02_event_related,labor[1].event_related,2,boolean_mark,text,center,False,False,10,1,725.04,394.56,757.44,417.6,Labor row 2: Event Related (enter X for yes),
p2_labor_03_category,labor[2].category,2,text,text,center,False,False,7,30,50.76,369.72,105.12,392.4,Labor row 3: Category,
p2_labor_03_description,labor[2].description_of_work,2,text,text,left,True,False,6.5,500,107.28,369.72,381.24,392.4,Labor row 3: Description of Work Performed,
p2_labor_03_location,labor[2].work_location_gps,2,text,text,left,True,False,6.5,300,383.4,369.72,577.08,392.4,Labor row 3: Work Location / GPS Coordinates,
p2_labor_03_start_time,labor[2].start_time,2,text,text,center,False,False,7.5,8,579.24,369.72,625.68,392.4,Labor row 3: Start Time,
p2_labor_03_end_time,labor[2].end_time,2,text,text,center,False,False,7.5,8,627.84,369.72,674.28,392.4,Labor row 3: End Time,
p2_labor_03_labor_hours,labor[2].labor_hours,2,text,text,center,False,False,7.5,12,676.44,369.72,722.88,392.4,Labor row 3: Labor Hours,
p2_labor_03_event_related,labor[2].event_related,2,boolean_mark,text,center,False,False,10,1,725.04,369.72,757.44,392.4,Labor row 3: Event Related (enter X for yes),
p2_labor_04_category,labor[3].category,2,text,text,center,False,False,7,30,50.76,344.88,105.12,367.56,Labor row 4: Category,
p2_labor_04_description,labor[3].description_of_work,2,text,text,left,True,False,6.5,500,107.28,344.88,381.24,367.56,Labor row 4: Description of Work Performed,
p2_labor_04_location,labor[3].work_location_gps,2,text,text,left,True,False,6.5,300,383.4,344.88,577.08,367.56,Labor row 4: Work Location / GPS Coordinates,
p2_labor_04_start_time,labor[3].start_time,2,text,text,center,False,False,7.5,8,579.24,344.88,625.68,367.56,Labor row 4: Start Time,
p2_labor_04_end_time,labor[3].end_time,2,text,text,center,False,False,7.5,8,627.84,344.88,674.28,367.56,Labor row 4: End Time,
p2_labor_04_labor_hours,labor[3].labor_hours,2,text,text,center,False,False,7.5,12,676.44,344.88,722.88,367.56,Labor row 4: Labor Hours,
p2_labor_04_event_related,labor[3].event_related,2,boolean_mark,text,center,False,False,10,1,725.04,344.88,757.44,367.56,Labor row 4: Event Related (enter X for yes),
p2_labor_05_category,labor[4].category,2,text,text,center,False,False,7,30,50.76,320.04,105.12,342.72,Labor row 5: Category,
p2_labor_05_description,labor[4].description_of_work,2,text,text,left,True,False,6.5,500,107.28,320.04,381.24,342.72,Labor row 5: Description of Work Performed,
p2_labor_05_location,labor[4].work_location_gps,2,text,text,left,True,False,6.5,300,383.4,320.04,577.08,342.72,Labor row 5: Work Location / GPS Coordinates,
p2_labor_05_start_time,labor[4].start_time,2,text,text,center,False,False,7.5,8,579.24,320.04,625.68,342.72,Labor row 5: Start Time,
p2_labor_05_end_time,labor[4].end_time,2,text,text,center,False,False,7.5,8,627.84,320.04,674.28,342.72,Labor row 5: End Time,
p2_labor_05_labor_hours,labor[4].labor_hours,2,text,text,center,False,False,7.5,12,676.44,320.04,722.88,342.72,Labor row 5: Labor Hours,
p2_labor_05_event_related,labor[4].event_related,2,boolean_mark,text,center,False,False,10,1,725.04,320.04,757.44,342.72,Labor row 5: Event Related (enter X for yes),
p2_labor_06_category,labor[5].category,2,text,text,center,False,False,7,30,50.76,294.84,105.12,317.88,Labor row 6: Category,
p2_labor_06_description,labor[5].description_of_work,2,text,text,left,True,False,6.5,500,107.28,294.84,381.24,317.88,Labor row 6: Description of Work Performed,
p2_labor_06_location,labor[5].work_location_gps,2,text,text,left,True,False,6.5,300,383.4,294.84,577.08,317.88,Labor row 6: Work Location / GPS Coordinates,
p2_labor_06_start_time,labor[5].start_time,2,text,text,center,False,False,7.5,8,579.24,294.84,625.68,317.88,Labor row 6: Start Time,
p2_labor_06_end_time,labor[5].end_time,2,text,text,center,False,False,7.5,8,627.84,294.84,674.28,317.88,Labor row 6: End Time,
p2_labor_06_labor_hours,labor[5].labor_hours,2,text,text,center,False,False,7.5,12,676.44,294.84,722.88,317.88,Labor row 6: Labor Hours,
p2_labor_06_event_related,labor[5].event_related,2,boolean_mark,text,center,False,False,10,1,725.04,294.84,757.44,317.88,Labor row 6: Event Related (enter X for yes),
p2_labor_07_category,labor[6].category,2,text,text,center,False,False,7,30,50.76,270.0,105.12,292.68,Labor row 7: Category,
p2_labor_07_description,labor[6].description_of_work,2,text,text,left,True,False,6.5,500,107.28,270.0,381.24,292.68,Labor row 7: Description of Work Performed,
p2_labor_07_location,labor[6].work_location_gps,2,text,text,left,True,False,6.5,300,383.4,270.0,577.08,292.68,Labor row 7: Work Location / GPS Coordinates,
p2_labor_07_start_time,labor[6].start_time,2,text,text,center,False,False,7.5,8,579.24,270.0,625.68,292.68,Labor row 7: Start Time,
p2_labor_07_end_time,labor[6].end_time,2,text,text,center,False,False,7.5,8,627.84,270.0,674.28,292.68,Labor row 7: End Time,
p2_labor_07_labor_hours,labor[6].labor_hours,2,text,text,center,False,False,7.5,12,676.44,270.0,722.88,292.68,Labor row 7: Labor Hours,
p2_labor_07_event_related,labor[6].event_related,2,boolean_mark,text,center,False,False,10,1,725.04,270.0,757.44,292.68,Labor row 7: Event Related (enter X for yes),
p2_labor_08_category,labor[7].category,2,text,text,center,False,False,7,30,50.76,245.16,105.12,267.84,Labor row 8: Category,
p2_labor_08_description,labor[7].description_of_work,2,text,text,left,True,False,6.5,500,107.28,245.16,381.24,267.84,Labor row 8: Description of Work Performed,
p2_labor_08_location,labor[7].work_location_gps,2,text,text,left,True,False,6.5,300,383.4,245.16,577.08,267.84,Labor row 8: Work Location / GPS Coordinates,
p2_labor_08_start_time,labor[7].start_time,2,text,text,center,False,False,7.5,8,579.24,245.16,625.68,267.84,Labor row 8: Start Time,
p2_labor_08_end_time,labor[7].end_time,2,text,text,center,False,False,7.5,8,627.84,245.16,674.28,267.84,Labor row 8: End Time,
p2_labor_08_labor_hours,labor[7].labor_hours,2,text,text,center,False,False,7.5,12,676.44,245.16,722.88,267.84,Labor row 8: Labor Hours,
p2_labor_08_event_related,labor[7].event_related,2,boolean_mark,text,center,False,False,10,1,725.04,245.16,757.44,267.84,Labor row 8: Event Related (enter X for yes),
p2_labor_09_category,labor[8].category,2,text,text,center,False,False,7,30,50.76,220.32,105.12,243.0,Labor row 9: Category,
p2_labor_09_description,labor[8].description_of_work,2,text,text,left,True,False,6.5,500,107.28,220.32,381.24,243.0,Labor row 9: Description of Work Performed,
p2_labor_09_location,labor[8].work_location_gps,2,text,text,left,True,False,6.5,300,383.4,220.32,577.08,243.0,Labor row 9: Work Location / GPS Coordinates,
p2_labor_09_start_time,labor[8].start_time,2,text,text,center,False,False,7.5,8,579.24,220.32,625.68,243.0,Labor row 9: Start Time,
p2_labor_09_end_time,labor[8].end_time,2,text,text,center,False,False,7.5,8,627.84,220.32,674.28,243.0,Labor row 9: End Time,
p2_labor_09_labor_hours,labor[8].labor_hours,2,text,text,center,False,False,7.5,12,676.44,220.32,722.88,243.0,Labor row 9: Labor Hours,
p2_labor_09_event_related,labor[8].event_related,2,boolean_mark,text,center,False,False,10,1,725.04,220.32,757.44,243.0,Labor row 9: Event Related (enter X for yes),
p2_labor_10_category,labor[9].category,2,text,text,center,False,False,7,30,50.76,195.48,105.12,218.16,Labor row 10: Category,
p2_labor_10_description,labor[9].description_of_work,2,text,text,left,True,False,6.5,500,107.28,195.48,381.24,218.16,Labor row 10: Description of Work Performed,
p2_labor_10_location,labor[9].work_location_gps,2,text,text,left,True,False,6.5,300,383.4,195.48,577.08,218.16,Labor row 10: Work Location / GPS Coordinates,
p2_labor_10_start_time,labor[9].start_time,2,text,text,center,False,False,7.5,8,579.24,195.48,625.68,218.16,Labor row 10: Start Time,
p2_labor_10_end_time,labor[9].end_time,2,text,text,center,False,False,7.5,8,627.84,195.48,674.28,218.16,Labor row 10: End Time,
p2_labor_10_labor_hours,labor[9].labor_hours,2,text,text,center,False,False,7.5,12,676.44,195.48,722.88,218.16,Labor row 10: Labor Hours,
p2_labor_10_event_related,labor[9].event_related,2,boolean_mark,text,center,False,False,10,1,725.04,195.48,757.44,218.16,Labor row 10: Event Related (enter X for yes),
p2_labor_11_category,labor[10].category,2,text,text,center,False,False,7,30,50.76,170.28,105.12,193.32,Labor row 11: Category,
p2_labor_11_description,labor[10].description_of_work,2,text,text,left,True,False,6.5,500,107.28,170.28,381.24,193.32,Labor row 11: Description of Work Performed,
p2_labor_11_location,labor[10].work_location_gps,2,text,text,left,True,False,6.5,300,383.4,170.28,577.08,193.32,Labor row 11: Work Location / GPS Coordinates,
p2_labor_11_start_time,labor[10].start_time,2,text,text,center,False,False,7.5,8,579.24,170.28,625.68,193.32,Labor row 11: Start Time,
p2_labor_11_end_time,labor[10].end_time,2,text,text,center,False,False,7.5,8,627.84,170.28,674.28,193.32,Labor row 11: End Time,
p2_labor_11_labor_hours,labor[10].labor_hours,2,text,text,center,False,False,7.5,12,676.44,170.28,722.88,193.32,Labor row 11: Labor Hours,
p2_labor_11_event_related,labor[10].event_related,2,boolean_mark,text,center,False,False,10,1,725.04,170.28,757.44,193.32,Labor row 11: Event Related (enter X for yes),
p2_labor_12_category,labor[11].category,2,text,text,center,False,False,7,30,50.76,145.44,105.12,168.12,Labor row 12: Category,
p2_labor_12_description,labor[11].description_of_work,2,text,text,left,True,False,6.5,500,107.28,145.44,381.24,168.12,Labor row 12: Description of Work Performed,
p2_labor_12_location,labor[11].work_location_gps,2,text,text,left,True,False,6.5,300,383.4,145.44,577.08,168.12,Labor row 12: Work Location / GPS Coordinates,
p2_labor_12_start_time,labor[11].start_time,2,text,text,center,False,False,7.5,8,579.24,145.44,625.68,168.12,Labor row 12: Start Time,
p2_labor_12_end_time,labor[11].end_time,2,text,text,center,False,False,7.5,8,627.84,145.44,674.28,168.12,Labor row 12: End Time,
p2_labor_12_labor_hours,labor[11].labor_hours,2,text,text,center,False,False,7.5,12,676.44,145.44,722.88,168.12,Labor row 12: Labor Hours,
p2_labor_12_event_related,labor[11].event_related,2,boolean_mark,text,center,False,False,10,1,725.04,145.44,757.44,168.12,Labor row 12: Event Related (enter X for yes),
p2_labor_13_category,labor[12].category,2,text,text,center,False,False,7,30,50.76,120.6,105.12,143.28,Labor row 13: Category,
p2_labor_13_description,labor[12].description_of_work,2,text,text,left,True,False,6.5,500,107.28,120.6,381.24,143.28,Labor row 13: Description of Work Performed,
p2_labor_13_location,labor[12].work_location_gps,2,text,text,left,True,False,6.5,300,383.4,120.6,577.08,143.28,Labor row 13: Work Location / GPS Coordinates,
p2_labor_13_start_time,labor[12].start_time,2,text,text,center,False,False,7.5,8,579.24,120.6,625.68,143.28,Labor row 13: Start Time,
p2_labor_13_end_time,labor[12].end_time,2,text,text,center,False,False,7.5,8,627.84,120.6,674.28,143.28,Labor row 13: End Time,
p2_labor_13_labor_hours,labor[12].labor_hours,2,text,text,center,False,False,7.5,12,676.44,120.6,722.88,143.28,Labor row 13: Labor Hours,
p2_labor_13_event_related,labor[12].event_related,2,boolean_mark,text,center,False,False,10,1,725.04,120.6,757.44,143.28,Labor row 13: Event Related (enter X for yes),
p2_total_non_event_hours,labor_totals.non_event_hours,2,decimal,text,center,False,True,12,12,368.28,90.0,405.72,111.96,Total Non-Event Related Hours,sum labor_hours where event_related is false
p2_total_event_hours,labor_totals.event_hours,2,decimal,text,center,False,True,12,12,677.52,90.36,713.52,111.6,Total Event Related Hours,sum labor_hours where event_related is true
p2_employee_signature_text,certification.page2.employee_signature_text,2,signature_text,text,left,False,False,9,150,124.56,63.36,330.84,86.76,Employee Signature (typed),
p2_reviewer_signature_text,certification.page2.reviewer_signature_text,2,signature_text,text,left,False,False,9,150,435.96,56.16,665.64,78.84,Reviewer Signature (typed),
p3_equipment_hours_14_category,equipment_hours[0].category,3,text,text,center,False,False,6.5,30,50.76,484.56,84.6,500.4,Equipment-hours row 14: Category,
p3_equipment_hours_14_equipment_id,equipment_hours[0].equipment_id,3,text,text,left,False,False,6.5,80,86.76,484.56,165.6,500.4,Equipment-hours row 14: Equipment ID,
p3_equipment_hours_14_operator,equipment_hours[0].operator,3,text,text,left,False,False,6.5,120,167.76,484.56,322.92,500.4,Equipment-hours row 14: Operator,
p3_equipment_hours_14_description,equipment_hours[0].vehicle_equipment_description,3,text,text,left,True,False,6.2,300,325.08,484.56,498.6,500.4,Equipment-hours row 14: Vehicle / Equipment Description,
p3_equipment_hours_14_location,equipment_hours[0].work_location_gps,3,text,text,left,True,False,6.2,300,500.76,484.56,687.6,500.4,Equipment-hours row 14: Work Location / GPS Coordinates,
p3_equipment_hours_14_hours,equipment_hours[0].hours,3,text,text,center,False,False,7,12,689.76,484.56,727.92,500.4,Equipment-hours row 14: Hours,
p3_equipment_hours_14_event_related,equipment_hours[0].event_related,3,boolean_mark,text,center,False,False,9,1,730.08,484.56,755.64,500.4,Equipment-hours row 14: Event Related (enter X for yes),
p3_equipment_hours_15_category,equipment_hours[1].category,3,text,text,center,False,False,6.5,30,50.76,466.2,84.6,482.4,Equipment-hours row 15: Category,
p3_equipment_hours_15_equipment_id,equipment_hours[1].equipment_id,3,text,text,left,False,False,6.5,80,86.76,466.2,165.6,482.4,Equipment-hours row 15: Equipment ID,
p3_equipment_hours_15_operator,equipment_hours[1].operator,3,text,text,left,False,False,6.5,120,167.76,466.2,322.92,482.4,Equipment-hours row 15: Operator,
p3_equipment_hours_15_description,equipment_hours[1].vehicle_equipment_description,3,text,text,left,True,False,6.2,300,325.08,466.2,498.6,482.4,Equipment-hours row 15: Vehicle / Equipment Description,
p3_equipment_hours_15_location,equipment_hours[1].work_location_gps,3,text,text,left,True,False,6.2,300,500.76,466.2,687.6,482.4,Equipment-hours row 15: Work Location / GPS Coordinates,
p3_equipment_hours_15_hours,equipment_hours[1].hours,3,text,text,center,False,False,7,12,689.76,466.2,727.92,482.4,Equipment-hours row 15: Hours,
p3_equipment_hours_15_event_related,equipment_hours[1].event_related,3,boolean_mark,text,center,False,False,9,1,730.08,466.2,755.64,482.4,Equipment-hours row 15: Event Related (enter X for yes),
p3_equipment_hours_16_category,equipment_hours[2].category,3,text,text,center,False,False,6.5,30,50.76,448.2,84.6,464.04,Equipment-hours row 16: Category,
p3_equipment_hours_16_equipment_id,equipment_hours[2].equipment_id,3,text,text,left,False,False,6.5,80,86.76,448.2,165.6,464.04,Equipment-hours row 16: Equipment ID,
p3_equipment_hours_16_operator,equipment_hours[2].operator,3,text,text,left,False,False,6.5,120,167.76,448.2,322.92,464.04,Equipment-hours row 16: Operator,
p3_equipment_hours_16_description,equipment_hours[2].vehicle_equipment_description,3,text,text,left,True,False,6.2,300,325.08,448.2,498.6,464.04,Equipment-hours row 16: Vehicle / Equipment Description,
p3_equipment_hours_16_location,equipment_hours[2].work_location_gps,3,text,text,left,True,False,6.2,300,500.76,448.2,687.6,464.04,Equipment-hours row 16: Work Location / GPS Coordinates,
p3_equipment_hours_16_hours,equipment_hours[2].hours,3,text,text,center,False,False,7,12,689.76,448.2,727.92,464.04,Equipment-hours row 16: Hours,
p3_equipment_hours_16_event_related,equipment_hours[2].event_related,3,boolean_mark,text,center,False,False,9,1,730.08,448.2,755.64,464.04,Equipment-hours row 16: Event Related (enter X for yes),
p3_equipment_hours_17_category,equipment_hours[3].category,3,text,text,center,False,False,6.5,30,50.76,430.2,84.6,446.04,Equipment-hours row 17: Category,
p3_equipment_hours_17_equipment_id,equipment_hours[3].equipment_id,3,text,text,left,False,False,6.5,80,86.76,430.2,165.6,446.04,Equipment-hours row 17: Equipment ID,
p3_equipment_hours_17_operator,equipment_hours[3].operator,3,text,text,left,False,False,6.5,120,167.76,430.2,322.92,446.04,Equipment-hours row 17: Operator,
p3_equipment_hours_17_description,equipment_hours[3].vehicle_equipment_description,3,text,text,left,True,False,6.2,300,325.08,430.2,498.6,446.04,Equipment-hours row 17: Vehicle / Equipment Description,
p3_equipment_hours_17_location,equipment_hours[3].work_location_gps,3,text,text,left,True,False,6.2,300,500.76,430.2,687.6,446.04,Equipment-hours row 17: Work Location / GPS Coordinates,
p3_equipment_hours_17_hours,equipment_hours[3].hours,3,text,text,center,False,False,7,12,689.76,430.2,727.92,446.04,Equipment-hours row 17: Hours,
p3_equipment_hours_17_event_related,equipment_hours[3].event_related,3,boolean_mark,text,center,False,False,9,1,730.08,430.2,755.64,446.04,Equipment-hours row 17: Event Related (enter X for yes),
p3_equipment_hours_18_category,equipment_hours[4].category,3,text,text,center,False,False,6.5,30,50.76,411.84,84.6,428.04,Equipment-hours row 18: Category,
p3_equipment_hours_18_equipment_id,equipment_hours[4].equipment_id,3,text,text,left,False,False,6.5,80,86.76,411.84,165.6,428.04,Equipment-hours row 18: Equipment ID,
p3_equipment_hours_18_operator,equipment_hours[4].operator,3,text,text,left,False,False,6.5,120,167.76,411.84,322.92,428.04,Equipment-hours row 18: Operator,
p3_equipment_hours_18_description,equipment_hours[4].vehicle_equipment_description,3,text,text,left,True,False,6.2,300,325.08,411.84,498.6,428.04,Equipment-hours row 18: Vehicle / Equipment Description,
p3_equipment_hours_18_location,equipment_hours[4].work_location_gps,3,text,text,left,True,False,6.2,300,500.76,411.84,687.6,428.04,Equipment-hours row 18: Work Location / GPS Coordinates,
p3_equipment_hours_18_hours,equipment_hours[4].hours,3,text,text,center,False,False,7,12,689.76,411.84,727.92,428.04,Equipment-hours row 18: Hours,
p3_equipment_hours_18_event_related,equipment_hours[4].event_related,3,boolean_mark,text,center,False,False,9,1,730.08,411.84,755.64,428.04,Equipment-hours row 18: Event Related (enter X for yes),
p3_equipment_hours_19_category,equipment_hours[5].category,3,text,text,center,False,False,6.5,30,50.76,393.84,84.6,409.68,Equipment-hours row 19: Category,
p3_equipment_hours_19_equipment_id,equipment_hours[5].equipment_id,3,text,text,left,False,False,6.5,80,86.76,393.84,165.6,409.68,Equipment-hours row 19: Equipment ID,
p3_equipment_hours_19_operator,equipment_hours[5].operator,3,text,text,left,False,False,6.5,120,167.76,393.84,322.92,409.68,Equipment-hours row 19: Operator,
p3_equipment_hours_19_description,equipment_hours[5].vehicle_equipment_description,3,text,text,left,True,False,6.2,300,325.08,393.84,498.6,409.68,Equipment-hours row 19: Vehicle / Equipment Description,
p3_equipment_hours_19_location,equipment_hours[5].work_location_gps,3,text,text,left,True,False,6.2,300,500.76,393.84,687.6,409.68,Equipment-hours row 19: Work Location / GPS Coordinates,
p3_equipment_hours_19_hours,equipment_hours[5].hours,3,text,text,center,False,False,7,12,689.76,393.84,727.92,409.68,Equipment-hours row 19: Hours,
p3_equipment_hours_19_event_related,equipment_hours[5].event_related,3,boolean_mark,text,center,False,False,9,1,730.08,393.84,755.64,409.68,Equipment-hours row 19: Event Related (enter X for yes),
p3_equipment_hours_total_non_event,equipment_hours_totals.non_event_hours,3,decimal,text,center,False,True,11,12,424.44,371.52,460.8,390.6,Equipment Hours Total Non-Event,sum equipment hours where event_related is false
p3_equipment_hours_total_event,equipment_hours_totals.event_hours,3,decimal,text,center,False,True,11,12,636.48,370.44,673.2,389.16,Equipment Hours Total Event,sum equipment hours where event_related is true
p3_mileage_20_category,equipment_mileage[0].category,3,text,text,center,False,False,6.5,30,50.76,305.28,84.6,319.68,Mileage row 20: Category,
p3_mileage_20_equipment_id,equipment_mileage[0].equipment_id,3,text,text,left,False,False,6.5,80,86.76,305.28,165.6,319.68,Mileage row 20: Equipment ID,
p3_mileage_20_operator,equipment_mileage[0].operator,3,text,text,left,False,False,6.5,120,167.76,305.28,322.92,319.68,Mileage row 20: Operator,
p3_mileage_20_destination,equipment_mileage[0].destination,3,text,text,left,False,False,6.5,250,325.08,305.28,551.88,319.68,Mileage row 20: Destination,
p3_mileage_20_start_odometer,equipment_mileage[0].start_odometer,3,text,text,center,False,False,6.5,15,554.04,305.28,623.88,319.68,Mileage row 20: Start Odometer,
p3_mileage_20_end_odometer,equipment_mileage[0].end_odometer,3,text,text,center,False,False,6.5,15,626.04,305.28,686.88,319.68,Mileage row 20: End Odometer,
p3_mileage_20_miles,equipment_mileage[0].miles,3,text,text,center,False,False,7,12,689.04,305.28,727.2,319.68,Mileage row 20: Miles,
p3_mileage_20_event_related,equipment_mileage[0].event_related,3,boolean_mark,text,center,False,False,9,1,729.36,305.28,755.64,319.68,Mileage row 20: Event Related (enter X for yes),
p3_mileage_21_category,equipment_mileage[1].category,3,text,text,center,False,False,6.5,30,50.76,288.72,84.6,303.12,Mileage row 21: Category,
p3_mileage_21_equipment_id,equipment_mileage[1].equipment_id,3,text,text,left,False,False,6.5,80,86.76,288.72,165.6,303.12,Mileage row 21: Equipment ID,
p3_mileage_21_operator,equipment_mileage[1].operator,3,text,text,left,False,False,6.5,120,167.76,288.72,322.92,303.12,Mileage row 21: Operator,
p3_mileage_21_destination,equipment_mileage[1].destination,3,text,text,left,False,False,6.5,250,325.08,288.72,551.88,303.12,Mileage row 21: Destination,
p3_mileage_21_start_odometer,equipment_mileage[1].start_odometer,3,text,text,center,False,False,6.5,15,554.04,288.72,623.88,303.12,Mileage row 21: Start Odometer,
p3_mileage_21_end_odometer,equipment_mileage[1].end_odometer,3,text,text,center,False,False,6.5,15,626.04,288.72,686.88,303.12,Mileage row 21: End Odometer,
p3_mileage_21_miles,equipment_mileage[1].miles,3,text,text,center,False,False,7,12,689.04,288.72,727.2,303.12,Mileage row 21: Miles,
p3_mileage_21_event_related,equipment_mileage[1].event_related,3,boolean_mark,text,center,False,False,9,1,729.36,288.72,755.64,303.12,Mileage row 21: Event Related (enter X for yes),
p3_mileage_total_non_event,equipment_mileage_totals.non_event_miles,3,decimal,text,center,False,True,11,12,423.36,267.48,460.8,285.48,Mileage Total Non-Event,sum miles where event_related is false
p3_mileage_total_event,equipment_mileage_totals.event_miles,3,decimal,text,center,False,True,11,12,636.48,266.76,673.2,285.48,Mileage Total Event,sum miles where event_related is true
p3_material_22_category,materials[0].category,3,text,text,center,False,False,6,30,50.04,205.56,83.88,220.32,Materials row 22: Category,
p3_material_22_item_description,materials[0].item_description,3,text,text,left,False,False,6.2,200,86.04,205.56,246.24,220.32,Materials row 22: Item Description,
p3_material_22_quantity,materials[0].quantity,3,decimal,text,center,False,False,6.5,15,248.4,205.56,295.92,220.32,Materials row 22: Quantity,
p3_material_22_total_cost,materials[0].total_cost,3,decimal,text,center,False,False,6.5,20,298.08,205.56,345.6,220.32,Materials row 22: Total Cost,
p3_material_22_justification,materials[0].justification,3,text,text,left,True,False,6.0,400,347.76,205.56,597.6,220.32,Materials row 22: Justification,
p3_material_22_invoice_receipt_number,materials[0].invoice_receipt_number,3,text,text,left,False,False,6.2,100,599.76,205.56,727.92,220.32,Materials row 22: Invoice / Receipt Number,
p3_material_22_from_stock,materials[0].from_stock,3,boolean_mark,text,center,False,False,8.5,1,730.08,205.56,755.64,220.32,Materials row 22: From Stock (enter X for yes),
p3_material_23_category,materials[1].category,3,text,text,center,False,False,6,30,50.04,189.0,83.88,203.4,Materials row 23: Category,
p3_material_23_item_description,materials[1].item_description,3,text,text,left,False,False,6.2,200,86.04,189.0,246.24,203.4,Materials row 23: Item Description,
p3_material_23_quantity,materials[1].quantity,3,decimal,text,center,False,False,6.5,15,248.4,189.0,295.92,203.4,Materials row 23: Quantity,
p3_material_23_total_cost,materials[1].total_cost,3,decimal,text,center,False,False,6.5,20,298.08,189.0,345.6,203.4,Materials row 23: Total Cost,
p3_material_23_justification,materials[1].justification,3,text,text,left,True,False,6.0,400,347.76,189.0,597.6,203.4,Materials row 23: Justification,
p3_material_23_invoice_receipt_number,materials[1].invoice_receipt_number,3,text,text,left,False,False,6.2,100,599.76,189.0,727.92,203.4,Materials row 23: Invoice / Receipt Number,
p3_material_23_from_stock,materials[1].from_stock,3,boolean_mark,text,center,False,False,8.5,1,730.08,189.0,755.64,203.4,Materials row 23: From Stock (enter X for yes),
p3_material_24_category,materials[2].category,3,text,text,center,False,False,6,30,50.04,172.44,83.88,186.84,Materials row 24: Category,
p3_material_24_item_description,materials[2].item_description,3,text,text,left,False,False,6.2,200,86.04,172.44,246.24,186.84,Materials row 24: Item Description,
p3_material_24_quantity,materials[2].quantity,3,decimal,text,center,False,False,6.5,15,248.4,172.44,295.92,186.84,Materials row 24: Quantity,
p3_material_24_total_cost,materials[2].total_cost,3,decimal,text,center,False,False,6.5,20,298.08,172.44,345.6,186.84,Materials row 24: Total Cost,
p3_material_24_justification,materials[2].justification,3,text,text,left,True,False,6.0,400,347.76,172.44,597.6,186.84,Materials row 24: Justification,
p3_material_24_invoice_receipt_number,materials[2].invoice_receipt_number,3,text,text,left,False,False,6.2,100,599.76,172.44,727.92,186.84,Materials row 24: Invoice / Receipt Number,
p3_material_24_from_stock,materials[2].from_stock,3,boolean_mark,text,center,False,False,8.5,1,730.08,172.44,755.64,186.84,Materials row 24: From Stock (enter X for yes),
p3_material_25_category,materials[3].category,3,text,text,center,False,False,6,30,50.04,155.88,83.88,170.28,Materials row 25: Category,
p3_material_25_item_description,materials[3].item_description,3,text,text,left,False,False,6.2,200,86.04,155.88,246.24,170.28,Materials row 25: Item Description,
p3_material_25_quantity,materials[3].quantity,3,decimal,text,center,False,False,6.5,15,248.4,155.88,295.92,170.28,Materials row 25: Quantity,
p3_material_25_total_cost,materials[3].total_cost,3,decimal,text,center,False,False,6.5,20,298.08,155.88,345.6,170.28,Materials row 25: Total Cost,
p3_material_25_justification,materials[3].justification,3,text,text,left,True,False,6.0,400,347.76,155.88,597.6,170.28,Materials row 25: Justification,
p3_material_25_invoice_receipt_number,materials[3].invoice_receipt_number,3,text,text,left,False,False,6.2,100,599.76,155.88,727.92,170.28,Materials row 25: Invoice / Receipt Number,
p3_material_25_from_stock,materials[3].from_stock,3,boolean_mark,text,center,False,False,8.5,1,730.08,155.88,755.64,170.28,Materials row 25: From Stock (enter X for yes),
p3_material_26_category,materials[4].category,3,text,text,center,False,False,6,30,50.04,138.96,83.88,153.72,Materials row 26: Category,
p3_material_26_item_description,materials[4].item_description,3,text,text,left,False,False,6.2,200,86.04,138.96,246.24,153.72,Materials row 26: Item Description,
p3_material_26_quantity,materials[4].quantity,3,decimal,text,center,False,False,6.5,15,248.4,138.96,295.92,153.72,Materials row 26: Quantity,
p3_material_26_total_cost,materials[4].total_cost,3,decimal,text,center,False,False,6.5,20,298.08,138.96,345.6,153.72,Materials row 26: Total Cost,
p3_material_26_justification,materials[4].justification,3,text,text,left,True,False,6.0,400,347.76,138.96,597.6,153.72,Materials row 26: Justification,
p3_material_26_invoice_receipt_number,materials[4].invoice_receipt_number,3,text,text,left,False,False,6.2,100,599.76,138.96,727.92,153.72,Materials row 26: Invoice / Receipt Number,
p3_material_26_from_stock,materials[4].from_stock,3,boolean_mark,text,center,False,False,8.5,1,730.08,138.96,755.64,153.72,Materials row 26: From Stock (enter X for yes),
p3_material_27_category,materials[5].category,3,text,text,center,False,False,6,30,50.04,122.4,83.88,136.8,Materials row 27: Category,
p3_material_27_item_description,materials[5].item_description,3,text,text,left,False,False,6.2,200,86.04,122.4,246.24,136.8,Materials row 27: Item Description,
p3_material_27_quantity,materials[5].quantity,3,decimal,text,center,False,False,6.5,15,248.4,122.4,295.92,136.8,Materials row 27: Quantity,
p3_material_27_total_cost,materials[5].total_cost,3,decimal,text,center,False,False,6.5,20,298.08,122.4,345.6,136.8,Materials row 27: Total Cost,
p3_material_27_justification,materials[5].justification,3,text,text,left,True,False,6.0,400,347.76,122.4,597.6,136.8,Materials row 27: Justification,
p3_material_27_invoice_receipt_number,materials[5].invoice_receipt_number,3,text,text,left,False,False,6.2,100,599.76,122.4,727.92,136.8,Materials row 27: Invoice / Receipt Number,
p3_material_27_from_stock,materials[5].from_stock,3,boolean_mark,text,center,False,False,8.5,1,730.08,122.4,755.64,136.8,Materials row 27: From Stock (enter X for yes),
p3_material_28_category,materials[6].category,3,text,text,center,False,False,6,30,50.04,105.48,83.88,120.24,Materials row 28: Category,
p3_material_28_item_description,materials[6].item_description,3,text,text,left,False,False,6.2,200,86.04,105.48,246.24,120.24,Materials row 28: Item Description,
p3_material_28_quantity,materials[6].quantity,3,decimal,text,center,False,False,6.5,15,248.4,105.48,295.92,120.24,Materials row 28: Quantity,
p3_material_28_total_cost,materials[6].total_cost,3,decimal,text,center,False,False,6.5,20,298.08,105.48,345.6,120.24,Materials row 28: Total Cost,
p3_material_28_justification,materials[6].justification,3,text,text,left,True,False,6.0,400,347.76,105.48,597.6,120.24,Materials row 28: Justification,
p3_material_28_invoice_receipt_number,materials[6].invoice_receipt_number,3,text,text,left,False,False,6.2,100,599.76,105.48,727.92,120.24,Materials row 28: Invoice / Receipt Number,
p3_material_28_from_stock,materials[6].from_stock,3,boolean_mark,text,center,False,False,8.5,1,730.08,105.48,755.64,120.24,Materials row 28: From Stock (enter X for yes),
p3_employee_signature_text,certification.final.employee_signature_text,3,signature_text,text,left,False,False,8.5,150,115.56,65.88,334.44,86.76,Employee Signature (typed),
p3_employee_signature_date,certification.final.employee_signature_date,3,date,text,left,False,False,8,20,101.16,46.44,222.84,64.44,Employee Signature Date,
p3_reviewer_signature_text,certification.final.reviewer_signature_text,3,signature_text,text,left,False,False,8.5,150,435.96,65.88,658.44,86.76,Reviewer Signature (typed),
p3_reviewer_signature_date,certification.final.reviewer_signature_date,3,date,text,left,False,False,8,20,439.56,46.44,564.84,64.44,Reviewer Signature Date,
p4_note_01,additional_notes[0],4,text,text,left,False,False,6.5,500,62.28,486.36,747.72,499.32,Additional Notes row 1,
p4_note_02,additional_notes[1],4,text,text,left,False,False,6.5,500,62.28,471.6,747.72,484.2,Additional Notes row 2,
p4_note_03,additional_notes[2],4,text,text,left,False,False,6.5,500,62.28,456.48,747.72,469.44,Additional Notes row 3,
p4_note_04,additional_notes[3],4,text,text,left,False,False,6.5,500,62.28,441.72,747.72,454.32,Additional Notes row 4,
p4_note_05,additional_notes[4],4,text,text,left,False,False,6.5,500,62.28,426.96,747.72,439.56,Additional Notes row 5,
p4_note_06,additional_notes[5],4,text,text,left,False,False,6.5,500,62.28,411.84,747.72,424.8,Additional Notes row 6,
p4_note_07,additional_notes[6],4,text,text,left,False,False,6.5,500,62.28,397.08,747.72,409.68,Additional Notes row 7,
p4_note_08,additional_notes[7],4,text,text,left,False,False,6.5,500,62.28,381.96,747.72,394.92,Additional Notes row 8,
p4_note_09,additional_notes[8],4,text,text,left,False,False,6.5,500,62.28,367.2,747.72,379.8,Additional Notes row 9,
p4_note_10,additional_notes[9],4,text,text,left,False,False,6.5,500,62.28,352.44,747.72,365.04,Additional Notes row 10,
p4_note_11,additional_notes[10],4,text,text,left,False,False,6.5,500,62.28,337.32,747.72,350.28,Additional Notes row 11,
p4_note_12,additional_notes[11],4,text,text,left,False,False,6.5,500,62.28,322.56,747.72,335.16,Additional Notes row 12,
p4_note_13,additional_notes[12],4,text,text,left,False,False,6.5,500,62.28,307.44,747.72,320.4,Additional Notes row 13,
p4_note_14,additional_notes[13],4,text,text,left,False,False,6.5,500,62.28,292.68,747.72,305.28,Additional Notes row 14,
p4_note_15,additional_notes[14],4,text,text,left,False,False,6.5,500,62.28,277.92,747.72,290.52,Additional Notes row 15,
p4_note_16,additional_notes[15],4,text,text,left,False,False,6.5,500,62.28,262.8,747.72,275.76,Additional Notes row 16,
p4_note_17,additional_notes[16],4,text,text,left,False,False,6.5,500,62.28,248.04,747.72,260.64,Additional Notes row 17,
p4_note_18,additional_notes[17],4,text,text,left,False,False,6.5,500,62.28,233.28,747.72,245.88,Additional Notes row 18,
p4_note_19,additional_notes[18],4,text,text,left,False,False,6.5,500,62.28,218.16,747.72,231.12,Additional Notes row 19,
p4_note_20,additional_notes[19],4,text,text,left,False,False,6.5,500,62.28,203.4,747.72,216.0,Additional Notes row 20,
p4_note_21,additional_notes[20],4,text,text,left,False,False,6.5,500,62.28,188.28,747.72,201.24,Additional Notes row 21,
p4_note_22,additional_notes[21],4,text,text,left,False,False,6.5,500,62.28,173.52,747.72,186.12,Additional Notes row 22,
p4_note_23,additional_notes[22],4,text,text,left,False,False,6.5,500,62.28,158.76,747.72,171.36,Additional Notes row 23,
p4_note_24,additional_notes[23],4,text,text,left,False,False,6.5,500,62.28,143.64,747.72,156.6,Additional Notes row 24,
p4_note_25,additional_notes[24],4,text,text,left,False,False,6.5,500,62.28,128.88,747.72,141.48,Additional Notes row 25,
p4_note_26,additional_notes[25],4,text,text,left,False,False,6.5,500,62.28,113.76,747.72,126.72,Additional Notes row 26,
p4_note_27,additional_notes[26],4,text,text,left,False,False,6.5,500,62.28,99.0,747.72,111.6,Additional Notes row 27,
p4_note_28,additional_notes[27],4,text,text,left,False,False,6.5,500,62.28,83.88,747.72,96.84,Additional Notes row 28,
